{
  "fc0439df": {
    "query": "psychedelic kaleidoscope mandala geometric pattern vibrant colors",
    "dataset": "artwork",
    "threshold": 0.36,
    "negative_prompts": [
      "watermark, logo, signature",
      "text overlay, caption",
      "blank image, empty frame, solid color"
    ],
    "negative_threshold": 0.2,
    "message": "Psychedelic sub-element: kaleidoscope/mandala geometric symmetry, vibrant color fields; mostly traditional-high-aesthetic pattern art (some folk/abstract).",
    "images": [
      "/home/wg25r/Downloads/ds/train/lapis/nicholas-krushenick_james-bond-meets-pussy-galore-1965.jpg",
      "/home/wg25r/Downloads/ds/train/lapis/fernand-leger_contrast-of-forms-1913.jpg",
      "/home/wg25r/Downloads/ds/train/lapis/frank-stella_fort-n-de-las-flores-1967.jpg",
      "/home/wg25r/Downloads/ds/train/lapis/louis-cane_papier-d-coup-et-coll-1967.jpg",
      "/home/wg25r/Downloads/ds/train/lapis/piero-dorazio_cercles-du-matin-1992.jpg",
      "/home/wg25r/Downloads/ds/train/lapis/frank-stella_fez-2-1964.jpg",
      "/home/wg25r/Downloads/ds/train/lapis/ion-tuculescu_relations-in-orange.jpg",
      "/home/wg25r/Downloads/ds/train/lapis/frank-stella_sidi-ifni-from-america-s-hommage-picasso-1973.jpg",
      "/home/wg25r/Downloads/ds/train/lapis/piero-dorazio_cercles-de-nuit-1992.jpg",
      "/home/wg25r/Downloads/ds/train/lapis/nicholas-krushenick_pumpkin-1998.jpg",
      "/home/wg25r/Downloads/ds/train/lapis/frank-stella_aghtana-iii-1968.jpg",
      "/home/wg25r/Downloads/ds/train/lapis/frank-stella_untitled-1968.jpg",
      "/home/wg25r/Downloads/ds/train/lapis/ion-tuculescu_make-up-box-the-green-eyes.jpg",
      "/home/wg25r/Downloads/ds/train/lapis/frank-stella_gran-cairo-1962.jpg",
      "/home/wg25r/Downloads/ds/train/lapis/paul-feeley_gomelza-1965.jpg",
      "/home/wg25r/Downloads/ds/train/lapis/jimmy-ernst_interior-and-silence-1967.jpg",
      "/home/wg25r/Downloads/ds/train/lapis/horia-bernea_simeze.jpg",
      "/home/wg25r/Downloads/ds/train/lapis/horia-bernea_prapor(1).jpg",
      "/home/wg25r/Downloads/ds/train/lapis/frank-stella_les-indes-galantes-iv-1973.jpg",
      "/home/wg25r/Downloads/ds/train/lapis/nicholas-krushenick_grand-entrance-1987.jpg",
      "/home/wg25r/Downloads/ds/train/lapis/frank-stella_harran-ii-1967.jpg",
      "/home/wg25r/Downloads/ds/train/lapis/richard-pousette-dart_now-a-turning-orb.jpg",
      "/home/wg25r/Downloads/ds/train/lapis/john-mccracken_mandala-i-1972.jpg",
      "/home/wg25r/Downloads/ds/train/lapis/edward-avedisian_untitled-1962.jpg",
      "/home/wg25r/Downloads/ds/train/lapis/m.-h.-maxy_nude-with-veil-1922.jpg",
      "/home/wg25r/Downloads/ds/train/lapis/frank-stella_sinjerli-variations-iia-1977.jpg",
      "/home/wg25r/Downloads/ds/train/lapis/derek-boshier_output-1966.jpg",
      "/home/wg25r/Downloads/ds/train/lapis/frank-stella_sabra-iii-1967.jpg",
      "/home/wg25r/Downloads/ds/train/lapis/paul-feeley_etamin-1965.jpg",
      "/home/wg25r/Downloads/ds/train/lapis/maria-primachenko_tablecloth-1976.jpg",
      "/home/wg25r/Downloads/ds/train/lapis/paul-reed_20-1962.jpg",
      "/home/wg25r/Downloads/ds/train/lapis/paul-klee_heroic-roses-1938(1).jpg",
      "/home/wg25r/Downloads/ds/train/lapis/frank-stella_sinjerli-variation-iv-1977.jpg",
      "/home/wg25r/Downloads/ds/train/lapis/judy-chicago_pasadena-lifesavers-yellow-series-5-1969.jpg",
      "/home/wg25r/Downloads/ds/train/lapis/frank-stella_honduras-lottery-co-1972.jpg",
      "/home/wg25r/Downloads/ds/train/lapis/paul-feeley_untitled-watercolor-4-1964.jpg",
      "/home/wg25r/Downloads/ds/train/lapis/alice-baber_lavender-high-1968.jpg",
      "/home/wg25r/Downloads/ds/train/lapis/frank-stella_color-maze-1966.jpg",
      "/home/wg25r/Downloads/ds/train/lapis/alma-woodsey-thomas_springtime-in-washington-1971.jpg",
      "/home/wg25r/Downloads/ds/train/lapis/peter-max_untitled-bob-dylan-1967.jpg",
      "/home/wg25r/Downloads/ds/train/lapis/paul-reed_17f-1963.jpg",
      "/home/wg25r/Downloads/ds/train/lapis/paul-feeley_untitled-1965.jpg",
      "/home/wg25r/Downloads/ds/train/lapis/alma-woodsey-thomas_air-view-of-a-spring-nursery-1966.jpg",
      "/home/wg25r/Downloads/ds/train/lapis/frank-stella_khurasan-gate-iii-1968.jpg",
      "/home/wg25r/Downloads/ds/train/lapis/john-mccracken_untitled-1971.jpg",
      "/home/wg25r/Downloads/ds/train/lapis/frank-stella_double-gray-scramble-1973.jpg",
      "/home/wg25r/Downloads/ds/train/lapis/claude-viallat_unknown-title.jpg",
      "/home/wg25r/Downloads/ds/train/lapis/judy-chicago_pasadena-lifesavers-red-5-1970.jpg",
      "/home/wg25r/Downloads/ds/train/lapis/paul-feeley_untitled-april-15-1964.jpg",
      "/home/wg25r/Downloads/ds/train/lapis/horia-bernea_praporele-florilor-1976.jpg",
      "/home/wg25r/Downloads/ds/train/lapis/paul-feeley_untitled-color-radiation-from-blue-center-1964.jpg",
      "/home/wg25r/Downloads/ds/train/lapis/frank-stella_firuzabad-1970.jpg",
      "/home/wg25r/Downloads/ds/train/lapis/judy-chicago_optical-shapes-3-1969.jpg",
      "/home/wg25r/Downloads/ds/train/lapis/alma-woodsey-thomas_ressurection-1966.jpg",
      "/home/wg25r/Downloads/ds/train/lapis/paul-reed_28-1963.jpg",
      "/home/wg25r/Downloads/ds/train/lapis/ion-tuculescu_multiple-lives.jpg",
      "/home/wg25r/Downloads/ds/train/lapis/nicholas-krushenick_untitled-1965.jpg",
      "/home/wg25r/Downloads/ds/train/lapis/horia-bernea_prapor-1982.jpg",
      "/home/wg25r/Downloads/ds/train/lapis/frank-stella_sunset-beach-sketch-1967.jpg",
      "/home/wg25r/Downloads/ds/train/lapis/jacoba-van-heemskerck_bild-no-131-1921.jpg"
    ],
    "size": 60
  },
  "da394043": {
    "query": "kaleidoscope toy photography colorful reflections psychedelic pattern",
    "dataset": "photos",
    "threshold": 0.5,
    "negative_prompts": [
      "watermark, logo, signature, dpchallenge, dpchallenge.com",
      "text overlay, caption",
      "blank image, empty frame, solid color"
    ],
    "negative_threshold": 0.1,
    "message": "Psychedelic sub-element: kaleidoscope-toy / prismatic refraction photography; symmetrical reflections and saturated color flares; high-aesthetic optical psychedelia.",
    "images": [
      "/home/wg25r/Downloads/ds/train/ava/272652.jpg",
      "/home/wg25r/Downloads/ds/train/ava/136415.jpg",
      "/home/wg25r/Downloads/ds/train/ava/212278.jpg",
      "/home/wg25r/Downloads/ds/train/ava/908117.jpg",
      "/home/wg25r/Downloads/ds/train/ava/16654.jpg",
      "/home/wg25r/Downloads/ds/train/ava/16396.jpg"
    ],
    "size": 6
  },
  "c6e8ce2e": {
    "query": "kaleidoscope toy photography colorful reflections psychedelic pattern",
    "dataset": "photos",
    "threshold": 0.46,
    "negative_prompts": [
      "watermark, logo, signature, dpchallenge, dpchallenge.com",
      "text overlay, caption",
      "blank image, empty frame, solid color"
    ],
    "negative_threshold": 0.08,
    "message": "Psychedelic sub-element: kaleidoscope-toy / optical prism photography; saturated colors, radial symmetry; include some raw/DIY optics. (Tighter threshold to reduce generic refraction.)",
    "images": [
      "/home/wg25r/Downloads/ds/train/ava/272715.jpg",
      "/home/wg25r/Downloads/ds/train/ava/853003.jpg",
      "/home/wg25r/Downloads/ds/train/ava/776331.jpg",
      "/home/wg25r/Downloads/ds/train/ava/104781.jpg",
      "/home/wg25r/Downloads/ds/train/ava/272652.jpg",
      "/home/wg25r/Downloads/ds/train/ava/840957.jpg",
      "/home/wg25r/Downloads/ds/train/ava/12225.jpg",
      "/home/wg25r/Downloads/ds/train/ava/136415.jpg",
      "/home/wg25r/Downloads/ds/train/ava/538482.jpg",
      "/home/wg25r/Downloads/ds/train/ava/181961.jpg",
      "/home/wg25r/Downloads/ds/train/ava/73349.jpg",
      "/home/wg25r/Downloads/ds/train/ava/833890.jpg",
      "/home/wg25r/Downloads/ds/train/ava/212278.jpg",
      "/home/wg25r/Downloads/ds/train/ava/6538.jpg",
      "/home/wg25r/Downloads/ds/train/ava/908117.jpg",
      "/home/wg25r/Downloads/ds/train/ava/528993.jpg",
      "/home/wg25r/Downloads/ds/train/ava/16654.jpg",
      "/home/wg25r/Downloads/ds/train/ava/16396.jpg"
    ],
    "size": 18
  },
  "ed16c724": {
    "query": "psychedelic abstract swirl liquid neon gradient trippy colors",
    "dataset": "artwork",
    "threshold": 0.34,
    "negative_prompts": [
      "watermark, logo, signature",
      "text overlay, caption",
      "blank image, empty frame, solid color"
    ],
    "negative_threshold": 0.2,
    "message": "Psychedelic sub-element: abstract swirls/liquid gradients, trippy color bands; traditional painting/printmaking with flowing forms (high-aesthetic abstract psychedelia).",
    "images": [
      "/home/wg25r/Downloads/ds/train/lapis/atsuko-tanaka_untitled-1964.jpg",
      "/home/wg25r/Downloads/ds/train/lapis/paul-jenkins_not_detected_235708.jpg",
      "/home/wg25r/Downloads/ds/train/lapis/nicholas-krushenick_james-bond-meets-pussy-galore-1965.jpg",
      "/home/wg25r/Downloads/ds/train/lapis/brice-marden_the-propitious-garden-of-plane-image-version-one-2005.jpg",
      "/home/wg25r/Downloads/ds/train/lapis/mark-tobey_flame-of-colors-1974.jpg",
      "/home/wg25r/Downloads/ds/train/lapis/paul-jenkins_not_detected_235723.jpg",
      "/home/wg25r/Downloads/ds/train/lapis/norman-bluhm_untitled-1957.jpg",
      "/home/wg25r/Downloads/ds/train/lapis/paul-jenkins_not_detected_235703.jpg",
      "/home/wg25r/Downloads/ds/train/lapis/morris-louis_k-s-i-1959.jpg",
      "/home/wg25r/Downloads/ds/train/lapis/alice-baber_golden-center-in-the-ladder-1970.jpg",
      "/home/wg25r/Downloads/ds/train/lapis/betty-parsons_gold-stopple-moonshot-1972.jpg",
      "/home/wg25r/Downloads/ds/train/lapis/morris-louis_beta-upsilon-1960.jpg",
      "/home/wg25r/Downloads/ds/train/lapis/piero-dorazio_cercles-du-matin-1992.jpg",
      "/home/wg25r/Downloads/ds/train/lapis/dan-christensen_serpens-1968.jpg",
      "/home/wg25r/Downloads/ds/train/lapis/paul-jenkins_continental-divide.jpg",
      "/home/wg25r/Downloads/ds/train/lapis/morris-louis_para-iii-1959.jpg",
      "/home/wg25r/Downloads/ds/train/lapis/dan-christensen_pavo-1968.jpg",
      "/home/wg25r/Downloads/ds/train/lapis/paul-jenkins_phenomena-pointed-eas.jpg",
      "/home/wg25r/Downloads/ds/train/lapis/paul-jenkins_phenomena-tarot-over.jpg",
      "/home/wg25r/Downloads/ds/train/lapis/paul-jenkins_wanderland-express.jpg",
      "/home/wg25r/Downloads/ds/train/lapis/ion-tuculescu_relations-in-orange.jpg",
      "/home/wg25r/Downloads/ds/train/lapis/janos-mattis-teutsch_spring-1909.jpg",
      "/home/wg25r/Downloads/ds/train/lapis/dan-christensen_amino-royale-2006.jpg",
      "/home/wg25r/Downloads/ds/train/lapis/paul-jenkins_not_detected_235682.jpg",
      "/home/wg25r/Downloads/ds/train/lapis/paul-jenkins_not_detected_235727.jpg",
      "/home/wg25r/Downloads/ds/train/lapis/jackson-pollock_circle-1941(1).jpg",
      "/home/wg25r/Downloads/ds/train/lapis/gerhard-richter_abstract-picture-1.jpg",
      "/home/wg25r/Downloads/ds/train/lapis/jan-sluyters_forest-trail-1910.jpg",
      "/home/wg25r/Downloads/ds/train/lapis/judy-chicago_big-blue-pink-1971.jpg",
      "/home/wg25r/Downloads/ds/train/lapis/alice-baber_wheel-of-day-1971.jpg",
      "/home/wg25r/Downloads/ds/train/lapis/morris-louis_untitled-1960-2.jpg",
      "/home/wg25r/Downloads/ds/train/lapis/frank-stella_brazilian-merganser.jpg",
      "/home/wg25r/Downloads/ds/train/lapis/paul-jenkins_side-of-st-george.jpg",
      "/home/wg25r/Downloads/ds/train/lapis/piero-dorazio_cercles-de-nuit-1992.jpg",
      "/home/wg25r/Downloads/ds/train/lapis/john-ferren_one-world-1961.jpg",
      "/home/wg25r/Downloads/ds/train/lapis/gerhard-richter_wallace-bournes.jpg",
      "/home/wg25r/Downloads/ds/train/lapis/willem-de-kooning_untitled-xii.jpg",
      "/home/wg25r/Downloads/ds/train/lapis/albert-bloch_night-ii-1914.jpg",
      "/home/wg25r/Downloads/ds/train/lapis/janos-mattis-teutsch_landscape-in-dark-colours-trees-1918.jpg",
      "/home/wg25r/Downloads/ds/train/lapis/leon-berkowitz_i-thou-1985.jpg",
      "/home/wg25r/Downloads/ds/train/lapis/leon-berkowitz_up-green-1984.jpg",
      "/home/wg25r/Downloads/ds/train/lapis/paul-jenkins_sun-over-the-hour-glass.jpg",
      "/home/wg25r/Downloads/ds/train/lapis/paul-jenkins_phenomena-solstice-encounter.jpg",
      "/home/wg25r/Downloads/ds/train/lapis/morris-louis_dalet-kaf-1959.jpg",
      "/home/wg25r/Downloads/ds/train/lapis/paul-jenkins_not_detected_235688.jpg",
      "/home/wg25r/Downloads/ds/train/lapis/leon-berkowitz_source-3-1976.jpg",
      "/home/wg25r/Downloads/ds/train/lapis/brice-marden_attendant-5-1999.jpg",
      "/home/wg25r/Downloads/ds/train/lapis/ion-tuculescu_make-up-box-the-green-eyes.jpg",
      "/home/wg25r/Downloads/ds/train/lapis/paul-jenkins_phenomena-compass-bearing.jpg",
      "/home/wg25r/Downloads/ds/train/lapis/dan-christensen_crux-1969.jpg",
      "/home/wg25r/Downloads/ds/train/lapis/leon-berkowitz_algonquit-series-12-1986.jpg",
      "/home/wg25r/Downloads/ds/train/lapis/rafa-nasiri_untitled-1972.jpg",
      "/home/wg25r/Downloads/ds/train/lapis/helen-frankenthaler_seeing-the-moon-on-a-hot-summer-day-1987.jpg",
      "/home/wg25r/Downloads/ds/train/lapis/leon-berkowitz_duality-15.jpg",
      "/home/wg25r/Downloads/ds/train/lapis/morris-louis_alpha-upsilon-1960.jpg",
      "/home/wg25r/Downloads/ds/train/lapis/janos-mattis-teutsch_white-cross-1918.jpg",
      "/home/wg25r/Downloads/ds/train/lapis/john-hoyland_2006-blue-moon-oil-on-canvas.jpg",
      "/home/wg25r/Downloads/ds/train/lapis/paul-jenkins_phenomena-agate-bridge-1978.jpg",
      "/home/wg25r/Downloads/ds/train/lapis/piero-dorazio_untitled-1998.jpg",
      "/home/wg25r/Downloads/ds/train/lapis/piero-dorazio_untitled-1990.jpg",
      "/home/wg25r/Downloads/ds/train/lapis/esteban-vicente_vision-1991.jpg",
      "/home/wg25r/Downloads/ds/train/lapis/franz-marc_fighting-forms-1914.jpg",
      "/home/wg25r/Downloads/ds/train/lapis/paul-jenkins_phenomena-montezumas-band.jpg",
      "/home/wg25r/Downloads/ds/train/lapis/dan-christensen_new-morning-1996.jpg",
      "/home/wg25r/Downloads/ds/train/lapis/brice-marden_6-red-rock-1-2002.jpg",
      "/home/wg25r/Downloads/ds/train/lapis/atsuko-tanaka_77r-84-1984.jpg",
      "/home/wg25r/Downloads/ds/train/lapis/paul-jenkins_not_detected_235696.jpg",
      "/home/wg25r/Downloads/ds/train/lapis/morris-louis_delta-theta-1961.jpg",
      "/home/wg25r/Downloads/ds/train/lapis/frank-stella_estoril-five-ii-from-the-circuits-series-1982.jpg",
      "/home/wg25r/Downloads/ds/train/lapis/paul-jenkins_phenomena-lands-end.jpg",
      "/home/wg25r/Downloads/ds/train/lapis/alice-baber_abstract-composition-1969-1.jpg",
      "/home/wg25r/Downloads/ds/train/lapis/judy-chicago_dome-drawing-3a-1968.jpg",
      "/home/wg25r/Downloads/ds/train/lapis/morris-louis_delta-zeta-1960.jpg",
      "/home/wg25r/Downloads/ds/train/lapis/morris-louis_saf-aleph-1959.jpg",
      "/home/wg25r/Downloads/ds/train/lapis/jack-bush_leap-on-blue-1976.jpg",
      "/home/wg25r/Downloads/ds/train/lapis/paul-jenkins_not_detected_235721.jpg",
      "/home/wg25r/Downloads/ds/train/lapis/gerhard-richter_ludorff.jpg",
      "/home/wg25r/Downloads/ds/train/lapis/brice-marden_epitaph-painting-5-2001.jpg",
      "/home/wg25r/Downloads/ds/train/lapis/mark-tobey_untitled-1.jpg",
      "/home/wg25r/Downloads/ds/train/lapis/paul-jenkins_phenomena-wind-arch.jpg",
      "/home/wg25r/Downloads/ds/train/lapis/lee-krasner_summer-play-1962.jpg",
      "/home/wg25r/Downloads/ds/train/lapis/morris-louis_alpha-tau-1961.jpg",
      "/home/wg25r/Downloads/ds/train/lapis/morris-louis_airborn-1959.jpg",
      "/home/wg25r/Downloads/ds/train/lapis/morris-louis_untitled-1959.jpg",
      "/home/wg25r/Downloads/ds/train/lapis/bradley-walker-tomlin_number-3-1948.jpg",
      "/home/wg25r/Downloads/ds/train/lapis/ian-davenport_puddle-painting-magenta-2008.jpg",
      "/home/wg25r/Downloads/ds/train/lapis/leon-berkowitz_cup-7-1975.jpg",
      "/home/wg25r/Downloads/ds/train/lapis/alice-baber_noble-numbers-1965.jpg",
      "/home/wg25r/Downloads/ds/train/lapis/gerhard-richter_red-blue-yellow.jpg",
      "/home/wg25r/Downloads/ds/train/lapis/morris-louis_saraband-1959.jpg",
      "/home/wg25r/Downloads/ds/train/lapis/morris-louis_saf-1959.jpg",
      "/home/wg25r/Downloads/ds/train/lapis/nicholas-krushenick_flying-circus-1965.jpg",
      "/home/wg25r/Downloads/ds/train/lapis/cy-twombly_camino-real-ii.jpg",
      "/home/wg25r/Downloads/ds/train/lapis/dan-christensen_untitled-1968.jpg",
      "/home/wg25r/Downloads/ds/train/lapis/atsuko-tanaka_to-new-york-vancouver-2002.jpg",
      "/home/wg25r/Downloads/ds/train/lapis/morris-louis_twined-columns-ii-1960.jpg",
      "/home/wg25r/Downloads/ds/train/lapis/willem-de-kooning_untitled-v-1983.jpg",
      "/home/wg25r/Downloads/ds/train/lapis/leon-berkowitz_big-blue.jpg",
      "/home/wg25r/Downloads/ds/train/lapis/paul-jenkins_not_detected_235681.jpg",
      "/home/wg25r/Downloads/ds/train/lapis/morris-louis_nun-1959.jpg",
      "/home/wg25r/Downloads/ds/train/lapis/leon-berkowitz_a-m-no-4-1978.jpg",
      "/home/wg25r/Downloads/ds/train/lapis/paul-jenkins_not_detected_235714.jpg",
      "/home/wg25r/Downloads/ds/train/lapis/mark-tobey_canticle-1954.jpg",
      "/home/wg25r/Downloads/ds/train/lapis/paul-reed_20-1962.jpg",
      "/home/wg25r/Downloads/ds/train/lapis/frank-stella_talladega-three-ii-from-the-circuits-series-1982.jpg",
      "/home/wg25r/Downloads/ds/train/lapis/alice-baber_abstract-composition-1969.jpg",
      "/home/wg25r/Downloads/ds/train/lapis/atsuko-tanaka_89m-1989.jpg",
      "/home/wg25r/Downloads/ds/train/lapis/dan-christensen_pr-1967.jpg",
      "/home/wg25r/Downloads/ds/train/lapis/paul-jenkins_phenomena-astral-tundra-1986.jpg",
      "/home/wg25r/Downloads/ds/train/lapis/paul-klee_heroic-roses-1938(1).jpg",
      "/home/wg25r/Downloads/ds/train/lapis/morris-louis_gamma-1960.jpg",
      "/home/wg25r/Downloads/ds/train/lapis/paul-jenkins_phenomena-franklin-s-kite-1973.jpg",
      "/home/wg25r/Downloads/ds/train/lapis/morris-louis_number-99-1960.jpg",
      "/home/wg25r/Downloads/ds/train/lapis/dan-christensen_untitled-1967.jpg",
      "/home/wg25r/Downloads/ds/train/lapis/dan-christensen_tour-de-france-1989.jpg",
      "/home/wg25r/Downloads/ds/train/lapis/john-hoyland_spirit-night-18-06-98-1998.jpg",
      "/home/wg25r/Downloads/ds/train/lapis/leon-berkowitz_innisphere-1978.jpg",
      "/home/wg25r/Downloads/ds/train/lapis/paul-jenkins_untitled-3.jpg",
      "/home/wg25r/Downloads/ds/train/lapis/leon-berkowitz_dark-light-rose-gold-1978.jpg",
      "/home/wg25r/Downloads/ds/train/lapis/dan-christensen_grus-1968.jpg",
      "/home/wg25r/Downloads/ds/train/lapis/janet-fish_orange-pink-green-2003.jpg",
      "/home/wg25r/Downloads/ds/train/lapis/leon-berkowitz_solomon-s-temple-1987.jpg",
      "/home/wg25r/Downloads/ds/train/lapis/gotthard-graubner_untitled-1964.jpg",
      "/home/wg25r/Downloads/ds/train/lapis/cy-twombly_camino-real-iv.jpg",
      "/home/wg25r/Downloads/ds/train/lapis/elaine-de-kooning_bull-matador-1960.jpg",
      "/home/wg25r/Downloads/ds/train/lapis/paul-jenkins_not_detected_235715.jpg",
      "/home/wg25r/Downloads/ds/train/lapis/leon-berkowitz_chanakuh-3-1978.jpg",
      "/home/wg25r/Downloads/ds/train/lapis/dan-christensen_street-dancer-1986.jpg",
      "/home/wg25r/Downloads/ds/train/lapis/atsuko-tanaka_89a-1989.jpg",
      "/home/wg25r/Downloads/ds/train/lapis/paul-jenkins_patternity.jpg",
      "/home/wg25r/Downloads/ds/train/lapis/morris-louis_point-of-tranquility-1960.jpg",
      "/home/wg25r/Downloads/ds/train/lapis/koloman-moser_backhausen-interior-texiles-1899-1.jpg",
      "/home/wg25r/Downloads/ds/train/lapis/helen-frankenthaler_tutti-fruitti-1966.jpg",
      "/home/wg25r/Downloads/ds/train/lapis/alice-baber_lavender-high-1968.jpg",
      "/home/wg25r/Downloads/ds/train/lapis/leon-berkowitz_source-7-1976.jpg",
      "/home/wg25r/Downloads/ds/train/lapis/paul-jenkins_not_detected_235717.jpg",
      "/home/wg25r/Downloads/ds/train/lapis/edward-avedisian_untitled-017-1965.jpg",
      "/home/wg25r/Downloads/ds/train/lapis/atsuko-tanaka_untitled-1976.jpg",
      "/home/wg25r/Downloads/ds/train/lapis/dan-christensen_mo-blues-1991.jpg",
      "/home/wg25r/Downloads/ds/train/lapis/paul-reed_16j-1963.jpg",
      "/home/wg25r/Downloads/ds/train/lapis/paul-jenkins_untitled-2.jpg",
      "/home/wg25r/Downloads/ds/train/lapis/leon-berkowitz_cathedral-11-1968.jpg",
      "/home/wg25r/Downloads/ds/train/lapis/paul-jenkins_phenomena-woman-witch-1969.jpg",
      "/home/wg25r/Downloads/ds/train/lapis/gerhard-richter_ice.jpg",
      "/home/wg25r/Downloads/ds/train/lapis/sam-francis_blue-sky-painting-1960.jpg",
      "/home/wg25r/Downloads/ds/train/lapis/morris-louis_alpha-pi-1960.jpg",
      "/home/wg25r/Downloads/ds/train/lapis/morris-louis_high-1959.jpg",
      "/home/wg25r/Downloads/ds/train/lapis/paul-feeley_untitled-august-1962.jpg",
      "/home/wg25r/Downloads/ds/train/lapis/angelo-de-sousa_pastel-em-papel-1969.jpg",
      "/home/wg25r/Downloads/ds/train/lapis/paul-reed_17f-1963.jpg",
      "/home/wg25r/Downloads/ds/train/lapis/paul-feeley_untitled-1965.jpg",
      "/home/wg25r/Downloads/ds/train/lapis/janos-mattis-teutsch_landscape-1918(1).jpg",
      "/home/wg25r/Downloads/ds/train/lapis/atsuko-tanaka_work-1992.jpg",
      "/home/wg25r/Downloads/ds/train/lapis/paul-brach_the-negative-way-2-1964.jpg",
      "/home/wg25r/Downloads/ds/train/lapis/alice-baber_through-sleep-to-orange-1968.jpg",
      "/home/wg25r/Downloads/ds/train/lapis/paul-reed_16f-1963.jpg",
      "/home/wg25r/Downloads/ds/train/lapis/mostafa-dashti_untitled-2011(1).jpg",
      "/home/wg25r/Downloads/ds/train/lapis/paul-jenkins_lotus.jpg",
      "/home/wg25r/Downloads/ds/train/lapis/paul-jenkins_tibetan-flange.jpg",
      "/home/wg25r/Downloads/ds/train/lapis/jackson-pollock_pattern(1).jpg",
      "/home/wg25r/Downloads/ds/train/lapis/ronnie-landfield_sarah-rose-1969.jpg",
      "/home/wg25r/Downloads/ds/train/lapis/michel-carrade_unknown-title-3.jpg",
      "/home/wg25r/Downloads/ds/train/lapis/friedel-dzubas_rush.jpg",
      "/home/wg25r/Downloads/ds/train/lapis/mark-tobey_untitled-2.jpg",
      "/home/wg25r/Downloads/ds/train/lapis/john-mccracken_untitled-1971.jpg",
      "/home/wg25r/Downloads/ds/train/lapis/atsuko-tanaka_93e-1993.jpg",
      "/home/wg25r/Downloads/ds/train/lapis/claude-monet_path-under-the-rose-arches-giverny-1922.jpg",
      "/home/wg25r/Downloads/ds/train/lapis/paul-jenkins_redfern-composition.jpg",
      "/home/wg25r/Downloads/ds/train/lapis/paul-jenkins_not_detected_235691.jpg",
      "/home/wg25r/Downloads/ds/train/lapis/basuki-abdullah_abstract-1.jpg",
      "/home/wg25r/Downloads/ds/train/lapis/frank-bowling_rush-green-1977.jpg",
      "/home/wg25r/Downloads/ds/train/lapis/john-hoyland_2005-the-gnome-silkscreen.jpg",
      "/home/wg25r/Downloads/ds/train/lapis/morris-louis_untitled-1960-1.jpg",
      "/home/wg25r/Downloads/ds/train/lapis/alice-baber_the-light-in-the-depths-1975.jpg",
      "/home/wg25r/Downloads/ds/train/lapis/ronnie-landfield_all-over-pour-painting-1969.jpg",
      "/home/wg25r/Downloads/ds/train/lapis/alice-baber_before-songs-1962.jpg",
      "/home/wg25r/Downloads/ds/train/lapis/morris-louis_untitled-1960.jpg",
      "/home/wg25r/Downloads/ds/train/lapis/paul-jenkins_phenomena-sherman-vortex.jpg",
      "/home/wg25r/Downloads/ds/train/lapis/helen-frankenthaler_radius-1993.jpg",
      "/home/wg25r/Downloads/ds/train/lapis/hans-hofmann_landscape-1935.jpg",
      "/home/wg25r/Downloads/ds/train/lapis/judy-chicago_pasadena-lifesavers-red-5-1970.jpg",
      "/home/wg25r/Downloads/ds/train/lapis/john-hoyland_2008-untitled-silkscreen.jpg",
      "/home/wg25r/Downloads/ds/train/lapis/paul-jenkins_not_detected_235712.jpg",
      "/home/wg25r/Downloads/ds/train/lapis/dan-christensen_kaitos-1968.jpg",
      "/home/wg25r/Downloads/ds/train/lapis/paul-jenkins_not_detected_235722.jpg",
      "/home/wg25r/Downloads/ds/train/lapis/norman-bluhm_green-frost-1957.jpg",
      "/home/wg25r/Downloads/ds/train/lapis/paul-jenkins_phenomena-merlins-mantle.jpg",
      "/home/wg25r/Downloads/ds/train/lapis/frank-stella_riallaro-1995.jpg",
      "/home/wg25r/Downloads/ds/train/lapis/paul-feeley_untitled-color-radiation-from-blue-center-1964.jpg",
      "/home/wg25r/Downloads/ds/train/lapis/morris-louis_gamma-tau-1960.jpg",
      "/home/wg25r/Downloads/ds/train/lapis/mark-tobey_the-grand-parade-1974.jpg",
      "/home/wg25r/Downloads/ds/train/lapis/janos-mattis-teutsch_landscape-1918.jpg",
      "/home/wg25r/Downloads/ds/train/lapis/paul-jenkins_not_detected_235713.jpg",
      "/home/wg25r/Downloads/ds/train/lapis/john-hoyland_survivor-man-17-08-08-2008.jpg",
      "/home/wg25r/Downloads/ds/train/lapis/frank-stella_firuzabad-1970.jpg",
      "/home/wg25r/Downloads/ds/train/lapis/morris-louis_alpha-phi-1961.jpg",
      "/home/wg25r/Downloads/ds/train/lapis/leon-berkowitz_untitled-1977(1).jpg",
      "/home/wg25r/Downloads/ds/train/lapis/paul-jenkins_not_detected_235697.jpg",
      "/home/wg25r/Downloads/ds/train/lapis/paul-reed_28-1963.jpg",
      "/home/wg25r/Downloads/ds/train/lapis/frank-bowling_greenacross-i-2009.jpg",
      "/home/wg25r/Downloads/ds/train/lapis/alice-baber_the-way-of-the-wind-1977.jpg",
      "/home/wg25r/Downloads/ds/train/lapis/leon-berkowitz_with-in-1985.jpg",
      "/home/wg25r/Downloads/ds/train/lapis/nicholas-krushenick_untitled-1965.jpg",
      "/home/wg25r/Downloads/ds/train/lapis/paul-jenkins_not_detected_235718.jpg",
      "/home/wg25r/Downloads/ds/train/lapis/lee-krasner_thaw-1957.jpg",
      "/home/wg25r/Downloads/ds/train/lapis/luigi-russolo_perfume-1910.jpg",
      "/home/wg25r/Downloads/ds/train/lapis/frank-stella_sunset-beach-sketch-1967.jpg",
      "/home/wg25r/Downloads/ds/train/lapis/paul-jenkins_phenomena-phoenix-equinox(1).jpg",
      "/home/wg25r/Downloads/ds/train/lapis/bridget-riley_dominance-portfolio-blue-1977.jpg"
    ],
    "size": 209
  }
}